,Neurons,Accuracy,Precision,Recall,F-Score,CPU Time
0,25,0.9602353018502087,0.9342796571112545,0.9532587228439763,0.9436737733916768,0.40625
1,50,0.9632258700581682,0.9110074304475548,0.9916298316561648,0.949610483180979,0.421875
2,75,0.9702257714680075,0.9463154996788107,0.9698109658609988,0.9579191825359963,0.4375
3,125,0.9717703506523382,0.9521650629163583,0.967835982319195,0.9599365701226623,0.453125
4,150,0.9696999572775971,0.9589753284809528,0.9541051443618922,0.9565340373373562,0.515625
5,175,0.9704886785632127,0.9399005874378672,0.97808708736951,0.9586136971149415,0.53125
