,Neurons,Accuracy,Precision,Recall,F-Score,CPU Time
0,25,0.9715731703309343,0.9611898016997167,0.9573027367629079,0.9592423314328794,0.390625
1,50,0.9765355417529331,0.9619074229300549,0.9713157152261827,0.9665886757136173,0.421875
2,75,0.9719675309737421,0.9580367178718622,0.9619110316937836,0.9599699657421747,0.46875
3,125,0.9741365145091854,0.9582092330603127,0.968212169660491,0.963184731253216,0.578125
4,150,0.9807420552762167,0.9650958244606981,0.9803442114172858,0.9726602594009518,0.625
5,175,0.9753853232114101,0.9528129008612791,0.977993040534186,0.9652387803406507,0.75
