,Neurons,Accuracy,Precision,Recall,F-Score,CPU Time
0,25,0.9660521213316244,0.9297994269340975,0.9765823380043261,0.9526168524379616,0.171875
1,50,0.9675967005159551,0.9412679535266673,0.967647888648547,0.9542756445928399,0.203125
2,75,0.9735449735449735,0.9503299120234604,0.9752656823097903,0.9626363425388721,0.21875
3,125,0.9734135199973709,0.954226003329018,0.9704692937082667,0.9622791066349605,0.25
4,150,0.9707187222715173,0.9598753776435045,0.95617417473902,0.9580212014134275,0.28125
5,175,0.965427716980512,0.9358566099535984,0.967365748142575,0.9513503514613393,0.3125
