,Neurons,Accuracy,Precision,Recall,F-Score,CPU Time
0,25,0.9615827007131355,0.9432371674784563,0.9470516317125929,0.9451405509409169,0.421875
1,50,0.9631272798974663,0.9475764705882352,0.9468635380419449,0.9472198701665255,0.4375
2,75,0.9662164382661277,0.930447252845747,0.9763001974983542,0.9528223955943093,0.4375
3,125,0.9673009300338493,0.9495335820895522,0.9573027367629079,0.95340233222498,0.46875
4,150,0.9673009300338493,0.9485294117647058,0.9584312987867958,0.9534546475183608,0.5
5,175,0.968089651319465,0.9575677211593104,0.9508135051255525,0.9541786607522061,0.484375
